Time (s),InputForce (N), Displacement (mm) 
0 , 300 , 0.317002018160045
0.005 , 296.3064 , 0.25879527329811
0.01 , 285.3171 , 0.194216129915306
0.015 , 267.3021 , 0.124854740847606
0.02 , 242.7051 , 0.0524190136911102
0.025 , 212.1321 , -0.0213074435511931
0.03 , 176.3355 , -0.0945092408179152
0.035 , 136.197 , -0.165383906917513
0.04 , 92.7051 , -0.232186272351082
0.045 , 46.9302 , -0.29327144117731
0.05 , 0 , -0.347135293809641
0.055 , -46.9302 , -0.39245152343239
0.06 , -92.7051 , -0.428104294076301
0.065 , -136.197 , -0.45321571620336
0.07 , -176.3355 , -0.467167463260765
0.075 , -212.1321 , -0.469615996932771
0.08 , -242.7051 , -0.460501026194154
0.085 , -267.3021 , -0.440046991875353
0.09 , -285.3171 , -0.408757540184345
0.095 , -296.3064 , -0.367403121265499
0.1 , -300 , -0.317002018160045
0.105 , -296.3064 , -0.25879527329811
0.11 , -285.3171 , -0.194216129915306
0.115 , -267.3021 , -0.124854740847606
0.12 , -242.7051 , -0.0524190136911103
0.125 , -212.1321 , 0.021307443551193
0.13 , -176.3355 , 0.094509240817915
0.135 , -136.197 , 0.165383906917513
0.14 , -92.7051 , 0.232186272351082
0.145 , -46.9302 , 0.29327144117731
0.15 , 0 , 0.347135293809641
0.155 , 46.9302 , 0.39245152343239
0.16 , 92.7051 , 0.428104294076301
0.165 , 136.197 , 0.45321571620336
0.17 , 176.3355 , 0.467167463260765
0.175 , 212.1321 , 0.469615996932771
0.18 , 242.7051 , 0.460501026194154
0.185 , 267.3021 , 0.440046991875353
0.19 , 285.3171 , 0.408757540184345
0.195 , 296.3064 , 0.367403121265499
0.2 , 300 , 0.317002018160045
0.205 , 296.3064 , 0.25879527329811
0.21 , 285.3171 , 0.194216129915306
0.215 , 267.3021 , 0.124854740847606
0.22 , 242.7051 , 0.0524190136911104
0.225 , 212.1321 , -0.0213074435511929
0.23 , 176.3355 , -0.094509240817915
0.235 , 136.197 , -0.165383906917513
0.24 , 92.7051 , -0.232186272351082
0.245 , 46.9302 , -0.29327144117731
0.25 , 0 , -0.347135293809641
0.255 , -46.9302 , -0.39245152343239
0.26 , -92.7051 , -0.428104294076301
0.265 , -136.197 , -0.45321571620336
0.27 , -176.3355 , -0.467167463260765
0.275 , -212.1321 , -0.469615996932771
0.28 , -242.7051 , -0.460501026194154
0.285 , -267.3021 , -0.440046991875353
0.29 , -285.3171 , -0.408757540184345
0.295 , -296.3064 , -0.367403121265499
0.3 , -300 , -0.317002018160045
0.305 , -296.3064 , -0.25879527329811
0.31 , -285.3171 , -0.194216129915306
0.315 , -267.3021 , -0.124854740847606
0.32 , -242.7051 , -0.0524190136911104
0.325 , -212.1321 , 0.0213074435511933
0.33 , -176.3355 , 0.0945092408179149
0.335 , -136.197 , 0.165383906917513
0.34 , -92.7051 , 0.232186272351082
0.345 , -46.9302 , 0.293271441177309
0.35 , 0 , 0.347135293809641
0.355 , 46.9302 , 0.39245152343239
0.36 , 92.7051 , 0.428104294076301
0.365 , 136.197 , 0.45321571620336
0.37 , 176.3355 , 0.467167463260765
0.375 , 212.1321 , 0.469615996932771
0.38 , 242.7051 , 0.460501026194154
0.385 , 267.3021 , 0.440046991875353
0.39 , 285.3171 , 0.408757540184345
0.395 , 296.3064 , 0.367403121265499
0.4 , 300 , 0.317002018160045
0.405 , 296.3064 , 0.25879527329811
0.41 , 285.3171 , 0.194216129915306
0.415 , 267.3021 , 0.124854740847607
0.42 , 242.7051 , 0.0524190136911105
0.425 , 212.1321 , -0.0213074435511924
0.43 , 176.3355 , -0.0945092408179148
0.435 , 136.197 , -0.165383906917512
0.44 , 92.7051 , -0.232186272351082
0.445 , 46.9302 , -0.29327144117731
0.45 , 0 , -0.347135293809641
0.455 , -46.9302 , -0.39245152343239
0.46 , -92.7051 , -0.428104294076301
0.465 , -136.197 , -0.45321571620336
0.47 , -176.3355 , -0.467167463260765
0.475 , -212.1321 , -0.469615996932771
0.48 , -242.7051 , -0.460501026194154
0.485 , -267.3021 , -0.440046991875353
0.49 , -285.3171 , -0.408757540184345
0.495 , -296.3064 , -0.367403121265499
0.5 , -300 , -0.317002018160044
0.505 , -296.3064 , -0.258795273298109
0.51 , -285.3171 , -0.194216129915304
0.515 , -267.3021 , -0.124854740847606
0.52 , -242.7051 , -0.0524190136911097
0.525 , -212.1321 , 0.021307443551194
0.53 , -176.3355 , 0.0945092408179164
0.535 , -136.197 , 0.165383906917514
0.54 , -92.7051 , 0.232186272351083
0.545 , -46.9302 , 0.293271441177311
0.55 , 0 , 0.347135293809642
0.555 , 46.9302 , 0.392451523432391
0.56 , 92.7051 , 0.428104294076302
0.565 , 136.197 , 0.45321571620336
0.57 , 176.3355 , 0.467167463260765
0.575 , 212.1321 , 0.469615996932771
0.58 , 242.7051 , 0.460501026194154
0.585 , 267.3021 , 0.440046991875353
0.59 , 285.3171 , 0.408757540184345
0.595 , 296.3064 , 0.367403121265499
0.6 , 300 , 0.317002018160044
0.605 , 296.3064 , 0.258795273298109
0.61 , 285.3171 , 0.194216129915306
0.615 , 267.3021 , 0.124854740847606
0.62 , 242.7051 , 0.0524190136911098
0.625 , 212.1321 , -0.0213074435511939
0.63 , 176.3355 , -0.0945092408179164
0.635 , 136.197 , -0.165383906917513
0.64 , 92.7051 , -0.232186272351083
0.645 , 46.9302 , -0.293271441177311
0.65 , 0 , -0.347135293809642
0.655 , -46.9302 , -0.39245152343239
0.66 , -92.7051 , -0.428104294076302
0.665 , -136.197 , -0.45321571620336
0.67 , -176.3355 , -0.467167463260765
0.675 , -212.1321 , -0.469615996932771
0.68 , -242.7051 , -0.460501026194154
0.685 , -267.3021 , -0.440046991875353
0.69 , -285.3171 , -0.408757540184345
0.695 , -296.3064 , -0.367403121265499
0.7 , -300 , -0.317002018160045
0.705 , -296.3064 , -0.25879527329811
0.71 , -285.3171 , -0.194216129915306
0.715 , -267.3021 , -0.124854740847606
0.72 , -242.7051 , -0.0524190136911098
0.725 , -212.1321 , 0.0213074435511939
0.73 , -176.3355 , 0.0945092408179147
0.735 , -136.197 , 0.165383906917513
0.74 , -92.7051 , 0.232186272351083
0.745 , -46.9302 , 0.293271441177311
0.75 , 0 , 0.347135293809641
0.755 , 46.9302 , 0.39245152343239
0.76 , 92.7051 , 0.428104294076302
0.765 , 136.197 , 0.45321571620336
0.77 , 176.3355 , 0.467167463260765
0.775 , 212.1321 , 0.469615996932771
0.78 , 242.7051 , 0.460501026194154
0.785 , 267.3021 , 0.440046991875353
0.79 , 285.3171 , 0.408757540184344
0.795 , 296.3064 , 0.367403121265498
0.8 , 300 , 0.317002018160045
0.805 , 296.3064 , 0.258795273298109
0.81 , 285.3171 , 0.194216129915305
0.815 , 267.3021 , 0.124854740847606
0.82 , 242.7051 , 0.0524190136911099
0.825 , 212.1321 , -0.0213074435511921
0.83 , 176.3355 , -0.0945092408179146
0.835 , 136.197 , -0.165383906917513
0.84 , 92.7051 , -0.232186272351083
0.845 , 46.9302 , -0.293271441177311
0.85 , 0 , -0.347135293809641
0.855 , -46.9302 , -0.39245152343239
0.86 , -92.7051 , -0.428104294076302
0.865 , -136.197 , -0.45321571620336
0.87 , -176.3355 , -0.467167463260765
0.875 , -212.1321 , -0.469615996932771
0.88 , -242.7051 , -0.460501026194154
0.885 , -267.3021 , -0.440046991875353
0.89 , -285.3171 , -0.408757540184344
0.895 , -296.3064 , -0.367403121265499
0.9 , -300 , -0.317002018160045
0.905 , -296.3064 , -0.258795273298109
0.91 , -285.3171 , -0.194216129915305
0.915 , -267.3021 , -0.124854740847605
0.92 , -242.7051 , -0.0524190136911099
0.925 , -212.1321 , 0.0213074435511938
0.93 , -176.3355 , 0.0945092408179162
0.935 , -136.197 , 0.165383906917514
0.94 , -92.7051 , 0.232186272351083
0.945 , -46.9302 , 0.293271441177309
0.95 , 0 , 0.347135293809641
0.955 , 46.9302 , 0.39245152343239
0.96 , 92.7051 , 0.428104294076302
0.965 , 136.197 , 0.45321571620336
0.97 , 176.3355 , 0.467167463260765
0.975 , 212.1321 , 0.469615996932771
0.98 , 242.7051 , 0.460501026194154
0.985 , 267.3021 , 0.440046991875353
0.99 , 285.3171 , 0.408757540184345
0.995 , 296.3064 , 0.367403121265499
1 , 300 , 0.317002018160045
1.005 , 296.3064 , 0.258795273298112
1.01 , 285.3171 , 0.194216129915305
1.015 , 267.3021 , 0.124854740847608
1.02 , 242.7051 , 0.0524190136911084
1.025 , 212.1321 , -0.021307443551192
1.03 , 176.3355 , -0.0945092408179145
1.035 , 136.197 , -0.165383906917512
1.04 , 92.7051 , -0.232186272351083
1.045 , 46.9302 , -0.29327144117731
1.05 , 0 , -0.347135293809642
1.055 , -46.9302 , -0.392451523432389
1.06 , -92.7051 , -0.428104294076302
1.065 , -136.197 , -0.45321571620336
1.07 , -176.3355 , -0.467167463260766
1.075 , -212.1321 , -0.469615996932771
1.08 , -242.7051 , -0.460501026194154
1.085 , -267.3021 , -0.440046991875353
1.09 , -285.3171 , -0.408757540184344
1.095 , -296.3064 , -0.367403121265498
1.1 , -300 , -0.317002018160043
1.105 , -296.3064 , -0.258795273298111
1.11 , -285.3171 , -0.194216129915303
1.115 , -267.3021 , -0.124854740847606
1.12 , -242.7051 , -0.0524190136911101
1.125 , -212.1321 , 0.0213074435511936
1.13 , -176.3355 , 0.0945092408179128
1.135 , -136.197 , 0.165383906917514
1.14 , -92.7051 , 0.232186272351081
1.145 , -46.9302 , 0.293271441177309
1.15 , 0 , 0.347135293809641
1.155 , 46.9302 , 0.39245152343239
1.16 , 92.7051 , 0.428104294076302
1.165 , 136.197 , 0.45321571620336
1.17 , 176.3355 , 0.467167463260765
1.175 , 212.1321 , 0.469615996932771
1.18 , 242.7051 , 0.460501026194154
1.185 , 267.3021 , 0.440046991875352
1.19 , 285.3171 , 0.408757540184345
1.195 , 296.3064 , 0.367403121265499
1.2 , 300 , 0.317002018160045
1.205 , 296.3064 , 0.258795273298109
1.21 , 285.3171 , 0.194216129915305
1.215 , 267.3021 , 0.124854740847605
1.22 , 242.7051 , 0.0524190136911118
1.225 , 212.1321 , -0.0213074435511952
1.23 , 176.3355 , -0.0945092408179144
1.235 , 136.197 , -0.165383906917515
1.24 , 92.7051 , -0.232186272351082
1.245 , 46.9302 , -0.29327144117731
1.25 , 0 , -0.347135293809642
1.255 , -46.9302 , -0.392451523432389
1.26 , -92.7051 , -0.428104294076302
1.265 , -136.197 , -0.45321571620336
1.27 , -176.3355 , -0.467167463260765
1.275 , -212.1321 , -0.469615996932771
1.28 , -242.7051 , -0.460501026194154
1.285 , -267.3021 , -0.440046991875353
1.29 , -285.3171 , -0.408757540184344
1.295 , -296.3064 , -0.3674031212655
1.3 , -300 , -0.317002018160044
1.305 , -296.3064 , -0.258795273298111
1.31 , -285.3171 , -0.194216129915306
1.315 , -267.3021 , -0.124854740847606
1.32 , -242.7051 , -0.0524190136911102
1.325 , -212.1321 , 0.0213074435511935
1.33 , -176.3355 , 0.094509240817916
1.335 , -136.197 , 0.165383906917511
1.34 , -92.7051 , 0.232186272351084
1.345 , -46.9302 , 0.293271441177309
1.35 , 0 , 0.347135293809643
1.355 , 46.9302 , 0.39245152343239
1.36 , 92.7051 , 0.428104294076302
1.365 , 136.197 , 0.45321571620336
1.37 , 176.3355 , 0.467167463260765
1.375 , 212.1321 , 0.469615996932771
1.38 , 242.7051 , 0.460501026194154
1.385 , 267.3021 , 0.440046991875353
1.39 , 285.3171 , 0.408757540184345
1.395 , 296.3064 , 0.367403121265499
1.4 , 300 , 0.317002018160045
1.405 , 296.3064 , 0.258795273298109
1.41 , 285.3171 , 0.194216129915308
1.415 , 267.3021 , 0.124854740847605
1.42 , 242.7051 , 0.0524190136911119
1.425 , 212.1321 , -0.0213074435511951
1.43 , 176.3355 , -0.0945092408179143
1.435 , 136.197 , -0.165383906917512
1.44 , 92.7051 , -0.232186272351082
1.445 , 46.9302 , -0.29327144117731
1.45 , 0 , -0.347135293809642
1.455 , -46.9302 , -0.392451523432391
1.46 , -92.7051 , -0.428104294076301
1.465 , -136.197 , -0.45321571620336
1.47 , -176.3355 , -0.467167463260765
1.475 , -212.1321 , -0.46961599693277
1.48 , -242.7051 , -0.460501026194154
1.485 , -267.3021 , -0.440046991875353
1.49 , -285.3171 , -0.408757540184344
1.495 , -296.3064 , -0.367403121265498
1.5 , -300 , -0.317002018160046
1.505 , -296.3064 , -0.258795273298111
1.51 , -285.3171 , -0.194216129915306
1.515 , -267.3021 , -0.124854740847606
1.52 , -242.7051 , -0.0524190136911103
1.525 , -212.1321 , 0.0213074435511901
1.53 , -176.3355 , 0.0945092408179159
1.535 , -136.197 , 0.165383906917511
1.54 , -92.7051 , 0.232186272351084
1.545 , -46.9302 , 0.293271441177309
1.55 , 0 , 0.347135293809641
1.555 , 46.9302 , 0.39245152343239
1.56 , 92.7051 , 0.428104294076301
1.565 , 136.197 , 0.45321571620336
1.57 , 176.3355 , 0.467167463260765
1.575 , 212.1321 , 0.469615996932771
1.58 , 242.7051 , 0.460501026194153
1.585 , 267.3021 , 0.440046991875353
1.59 , 285.3171 , 0.408757540184344
1.595 , 296.3064 , 0.367403121265499
1.6 , 300 , 0.317002018160045
1.605 , 296.3064 , 0.25879527329811
1.61 , 285.3171 , 0.194216129915305
1.615 , 267.3021 , 0.124854740847605
1.62 , 242.7051 , 0.0524190136911087
1.625 , 212.1321 , -0.0213074435511917
1.63 , 176.3355 , -0.0945092408179142
1.635 , 136.197 , -0.165383906917512
1.64 , 92.7051 , -0.232186272351082
1.645 , 46.9302 , -0.29327144117731
1.65 , 0 , -0.347135293809639
1.655 , -46.9302 , -0.392451523432391
1.66 , -92.7051 , -0.428104294076301
1.665 , -136.197 , -0.45321571620336
1.67 , -176.3355 , -0.467167463260765
1.675 , -212.1321 , -0.469615996932771
1.68 , -242.7051 , -0.460501026194154
1.685 , -267.3021 , -0.440046991875353
1.69 , -285.3171 , -0.408757540184345
1.695 , -296.3064 , -0.367403121265498
1.7 , -300 , -0.317002018160046
1.705 , -296.3064 , -0.258795273298108
1.71 , -285.3171 , -0.194216129915307
1.715 , -267.3021 , -0.124854740847607
1.72 , -242.7051 , -0.0524190136911104
1.725 , -212.1321 , 0.0213074435511933
1.73 , -176.3355 , 0.0945092408179157
1.735 , -136.197 , 0.165383906917514
1.74 , -92.7051 , 0.232186272351081
1.745 , -46.9302 , 0.293271441177311
1.75 , 0 , 0.34713529380964
1.755 , 46.9302 , 0.39245152343239
1.76 , 92.7051 , 0.428104294076301
1.765 , 136.197 , 0.453215716203359
1.77 , 176.3355 , 0.467167463260765
1.775 , 212.1321 , 0.469615996932771
1.78 , 242.7051 , 0.460501026194153
1.785 , 267.3021 , 0.440046991875353
1.79 , 285.3171 , 0.408757540184345
1.795 , 296.3064 , 0.367403121265499
1.8 , 300 , 0.317002018160045
1.805 , 296.3064 , 0.25879527329811
1.81 , 285.3171 , 0.194216129915305
1.815 , 267.3021 , 0.124854740847608
1.82 , 242.7051 , 0.0524190136911088
1.825 , 212.1321 , -0.0213074435511916
1.83 , 176.3355 , -0.0945092408179173
1.835 , 136.197 , -0.165383906917512
1.84 , 92.7051 , -0.232186272351082
1.845 , 46.9302 , -0.29327144117731
1.85 , 0 , -0.347135293809642
1.855 , -46.9302 , -0.392451523432391
1.86 , -92.7051 , -0.428104294076302
1.865 , -136.197 , -0.453215716203359
1.87 , -176.3355 , -0.467167463260766
1.875 , -212.1321 , -0.469615996932771
1.88 , -242.7051 , -0.460501026194154
1.885 , -267.3021 , -0.440046991875353
1.89 , -285.3171 , -0.408757540184346
1.895 , -296.3064 , -0.367403121265498
1.9 , -300 , -0.317002018160046
1.905 , -296.3064 , -0.258795273298111
1.91 , -285.3171 , -0.194216129915307
1.915 , -267.3021 , -0.124854740847607
1.92 , -242.7051 , -0.0524190136911105
1.925 , -212.1321 , 0.0213074435511932
1.93 , -176.3355 , 0.0945092408179124
1.935 , -136.197 , 0.165383906917513
1.94 , -92.7051 , 0.232186272351081
1.945 , -46.9302 , 0.293271441177311
1.95 , 0 , 0.34713529380964
1.955 , 46.9302 , 0.39245152343239
1.96 , 92.7051 , 0.428104294076301
1.965 , 136.197 , 0.45321571620336
1.97 , 176.3355 , 0.467167463260765
1.975 , 212.1321 , 0.469615996932771
1.98 , 242.7051 , 0.460501026194154
1.985 , 267.3021 , 0.440046991875352
1.99 , 285.3171 , 0.408757540184345
1.995 , 296.3064 , 0.367403121265497
2 , 300 , 0.317002018160045
2.005 , 296.3064 , 0.258795273298113
2.01 , 285.3171 , 0.194216129915308
2.015 , 267.3021 , 0.124854740847605
2.02 , 242.7051 , 0.0524190136911122
2.025 , 212.1321 , -0.0213074435511881
2.03 , 176.3355 , -0.0945092408179074
2.035 , 136.197 , -0.165383906917515
2.04 , 92.7051 , -0.232186272351082
2.045 , 46.9302 , -0.293271441177307
2.05 , 0 , -0.347135293809637
2.055 , -46.9302 , -0.392451523432389
2.06 , -92.7051 , -0.428104294076299
2.065 , -136.197 , -0.453215716203359
2.07 , -176.3355 , -0.467167463260765
2.075 , -212.1321 , -0.469615996932771
2.08 , -242.7051 , -0.460501026194154
2.085 , -267.3021 , -0.440046991875355
2.09 , -285.3171 , -0.408757540184346
2.095 , -296.3064 , -0.367403121265498
2.1 , -300 , -0.317002018160046
2.105 , -296.3064 , -0.258795273298114
2.11 , -285.3171 , -0.194216129915313
2.115 , -267.3021 , -0.124854740847604
2.12 , -242.7051 , -0.0524190136911106
2.125 , -212.1321 , 0.0213074435511897
2.13 , -176.3355 , 0.094509240817909
2.135 , -136.197 , 0.165383906917504
2.14 , -92.7051 , 0.232186272351083
2.145 , -46.9302 , 0.293271441177309
2.15 , 0 , 0.347135293809638
2.155 , 46.9302 , 0.392451523432386
2.16 , 92.7051 , 0.4281042940763
2.165 , 136.197 , 0.45321571620336
2.17 , 176.3355 , 0.467167463260765
2.175 , 212.1321 , 0.469615996932771
2.18 , 242.7051 , 0.460501026194154
2.185 , 267.3021 , 0.440046991875355
2.19 , 285.3171 , 0.408757540184345
2.195 , 296.3064 , 0.367403121265502
2.2 , 300 , 0.317002018160045
2.205 , 296.3064 , 0.258795273298113
2.21 , 285.3171 , 0.194216129915311
2.215 , 267.3021 , 0.124854740847615
2.22 , 242.7051 , 0.052419013691109
2.225 , 212.1321 , -0.0213074435511913
2.23 , 176.3355 , -0.0945092408179106
2.235 , 136.197 , -0.165383906917506
2.24 , 92.7051 , -0.232186272351079
2.245 , 46.9302 , -0.29327144117731
2.25 , 0 , -0.347135293809639
2.255 , -46.9302 , -0.392451523432387
2.26 , -92.7051 , -0.428104294076298
2.265 , -136.197 , -0.453215716203359
2.27 , -176.3355 , -0.467167463260765
2.275 , -212.1321 , -0.469615996932771
2.28 , -242.7051 , -0.460501026194155
2.285 , -267.3021 , -0.440046991875354
2.29 , -285.3171 , -0.408757540184348
2.295 , -296.3064 , -0.367403121265501
2.3 , -300 , -0.317002018160049
2.305 , -296.3064 , -0.258795273298111
2.31 , -285.3171 , -0.19421612991531
2.315 , -267.3021 , -0.124854740847613
2.32 , -242.7051 , -0.0524190136911141
2.325 , -212.1321 , 0.0213074435511929
2.33 , -176.3355 , 0.0945092408179121
2.335 , -136.197 , 0.165383906917507
2.34 , -92.7051 , 0.232186272351075
2.345 , -46.9302 , 0.293271441177311
2.35 , 0 , 0.34713529380964
2.355 , 46.9302 , 0.392451523432388
2.36 , 92.7051 , 0.428104294076298
2.365 , 136.197 , 0.453215716203359
2.37 , 176.3355 , 0.467167463260765
2.375 , 212.1321 , 0.469615996932771
2.38 , 242.7051 , 0.460501026194155
2.385 , 267.3021 , 0.440046991875356
2.39 , 285.3171 , 0.408757540184347
2.395 , 296.3064 , 0.3674031212655
2.4 , 300 , 0.317002018160048
2.405 , 296.3064 , 0.258795273298115
2.41 , 285.3171 , 0.194216129915308
2.415 , 267.3021 , 0.124854740847612
2.42 , 242.7051 , 0.0524190136911125
2.425 , 212.1321 , -0.0213074435511879
2.43 , 176.3355 , -0.0945092408179137
2.435 , 136.197 , -0.165383906917509
2.44 , 92.7051 , -0.232186272351076
2.445 , 46.9302 , -0.293271441177307
2.45 , 0 , -0.347135293809641
2.455 , -46.9302 , -0.392451523432389
2.46 , -92.7051 , -0.428104294076299
2.465 , -136.197 , -0.453215716203358
2.47 , -176.3355 , -0.467167463260765
2.475 , -212.1321 , -0.469615996932771
2.48 , -242.7051 , -0.460501026194155
2.485 , -267.3021 , -0.440046991875355
2.49 , -285.3171 , -0.408757540184346
2.495 , -296.3064 , -0.367403121265499
2.5 , -300 , -0.317002018160046
2.505 , -296.3064 , -0.258795273298114
2.51 , -285.3171 , -0.194216129915313
2.515 , -267.3021 , -0.12485474084761
2.52 , -242.7051 , -0.0524190136911109
2.525 , -212.1321 , 0.0213074435511895
2.53 , -176.3355 , 0.0945092408179087
2.535 , -136.197 , 0.16538390691751
2.54 , -92.7051 , 0.232186272351077
2.545 , -46.9302 , 0.293271441177308
2.55 , 0 , 0.347135293809638
2.555 , 46.9302 , 0.39245152343239
2.56 , 92.7051 , 0.4281042940763
2.565 , 136.197 , 0.453215716203358
2.57 , 176.3355 , 0.467167463260765
2.575 , 212.1321 , 0.469615996932771
2.58 , 242.7051 , 0.460501026194154
2.585 , 267.3021 , 0.440046991875355
2.59 , 285.3171 , 0.408757540184349
2.595 , 296.3064 , 0.367403121265502
2.6 , 300 , 0.317002018160045
2.605 , 296.3064 , 0.258795273298113
2.61 , 285.3171 , 0.194216129915312
2.615 , 267.3021 , 0.124854740847609
2.62 , 242.7051 , 0.0524190136911159
2.625 , 212.1321 , -0.0213074435511911
2.63 , 176.3355 , -0.0945092408179103
2.635 , 136.197 , -0.165383906917505
2.64 , 92.7051 , -0.232186272351079
2.645 , 46.9302 , -0.293271441177304
2.65 , 0 , -0.347135293809639
2.655 , -46.9302 , -0.392451523432387
2.66 , -92.7051 , -0.4281042940763
2.665 , -136.197 , -0.453215716203358
2.67 , -176.3355 , -0.467167463260764
2.675 , -212.1321 , -0.469615996932771
2.68 , -242.7051 , -0.460501026194154
2.685 , -267.3021 , -0.440046991875354
2.69 , -285.3171 , -0.408757540184348
2.695 , -296.3064 , -0.367403121265505
2.7 , -300 , -0.317002018160044
2.705 , -296.3064 , -0.258795273298111
2.71 , -285.3171 , -0.19421612991531
2.715 , -267.3021 , -0.124854740847614
2.72 , -242.7051 , -0.0524190136911143
2.725 , -212.1321 , 0.0213074435511927
2.73 , -176.3355 , 0.0945092408179119
2.735 , -136.197 , 0.165383906917507
2.74 , -92.7051 , 0.23218627235108
2.745 , -46.9302 , 0.293271441177306
2.75 , 0 , 0.34713529380964
2.755 , 46.9302 , 0.392451523432388
2.76 , 92.7051 , 0.428104294076298
2.765 , 136.197 , 0.453215716203359
2.77 , 176.3355 , 0.467167463260765
2.775 , 212.1321 , 0.469615996932771
2.78 , 242.7051 , 0.460501026194155
2.785 , 267.3021 , 0.440046991875354
2.79 , 285.3171 , 0.408757540184347
2.795 , 296.3064 , 0.367403121265504
2.8 , 300 , 0.317002018160048
2.805 , 296.3064 , 0.25879527329811
2.81 , 285.3171 , 0.194216129915309
2.815 , 267.3021 , 0.124854740847612
2.82 , 242.7051 , 0.0524190136911193
2.825 , 212.1321 , -0.0213074435511943
2.83 , 176.3355 , -0.0945092408179135
2.835 , 136.197 , -0.165383906917508
2.84 , 92.7051 , -0.232186272351076
2.845 , 46.9302 , -0.293271441177307
2.85 , 0 , -0.347135293809641
2.855 , -46.9302 , -0.392451523432389
2.86 , -92.7051 , -0.428104294076299
2.865 , -136.197 , -0.453215716203359
2.87 , -176.3355 , -0.467167463260765
2.875 , -212.1321 , -0.469615996932771
2.88 , -242.7051 , -0.460501026194155
2.885 , -267.3021 , -0.440046991875355
2.89 , -285.3171 , -0.408757540184346
2.895 , -296.3064 , -0.367403121265503
2.9 , -300 , -0.317002018160047
2.905 , -296.3064 , -0.258795273298114
2.91 , -285.3171 , -0.194216129915307
2.915 , -267.3021 , -0.12485474084761
2.92 , -242.7051 , -0.0524190136911177
2.925 , -212.1321 , 0.0213074435511893
2.93 , -176.3355 , 0.0945092408179151
2.935 , -136.197 , 0.16538390691751
2.94 , -92.7051 , 0.232186272351077
2.945 , -46.9302 , 0.293271441177303
2.95 , 0 , 0.347135293809642
2.955 , 46.9302 , 0.392451523432389
2.96 , 92.7051 , 0.4281042940763
2.965 , 136.197 , 0.453215716203358
2.97 , 176.3355 , 0.467167463260765
2.975 , 212.1321 , 0.469615996932771
2.98 , 242.7051 , 0.460501026194154
2.985 , 267.3021 , 0.440046991875355
2.99 , 285.3171 , 0.408757540184346
2.995 , 296.3064 , 0.367403121265502
3 , 300 , 0.31700201816005
3.005 , 296.3064 , 0.258795273298113
3.01 , 285.3171 , 0.194216129915312
3.015 , 267.3021 , 0.124854740847609
3.02 , 242.7051 , 0.0524190136911161
3.025 , 212.1321 , -0.0213074435511842
3.03 , 176.3355 , -0.0945092408179101
3.035 , 136.197 , -0.165383906917511
3.04 , 92.7051 , -0.232186272351079
3.045 , 46.9302 , -0.293271441177304
3.05 , 0 , -0.347135293809634
3.055 , -46.9302 , -0.39245152343239
3.06 , -92.7051 , -0.4281042940763
3.065 , -136.197 , -0.453215716203358
3.07 , -176.3355 , -0.467167463260764
3.075 , -212.1321 , -0.469615996932771
3.08 , -242.7051 , -0.460501026194154
3.085 , -267.3021 , -0.440046991875354
3.09 , -285.3171 , -0.408757540184348
3.095 , -296.3064 , -0.367403121265501
3.1 , -300 , -0.317002018160049
3.105 , -296.3064 , -0.258795273298112
3.11 , -285.3171 , -0.19421612991531
3.115 , -267.3021 , -0.124854740847607
3.12 , -242.7051 , -0.0524190136911145
3.125 , -212.1321 , 0.0213074435511858
3.13 , -176.3355 , 0.0945092408179117
3.135 , -136.197 , 0.165383906917507
3.14 , -92.7051 , 0.23218627235108
3.145 , -46.9302 , 0.293271441177306
3.15 , 0 , 0.347135293809635
3.155 , 46.9302 , 0.392451523432388
3.16 , 92.7051 , 0.428104294076301
3.165 , 136.197 , 0.453215716203359
3.17 , 176.3355 , 0.467167463260764
3.175 , 212.1321 , 0.469615996932771
3.18 , 242.7051 , 0.460501026194154
3.185 , 267.3021 , 0.440046991875354
3.19 , 285.3171 , 0.408757540184347
3.195 , 296.3064 , 0.367403121265504
3.2 , 300 , 0.317002018160048
3.205 , 296.3064 , 0.25879527329811
3.21 , 285.3171 , 0.194216129915309
3.215 , 267.3021 , 0.124854740847612
3.22 , 242.7051 , 0.0524190136911129
3.225 , 212.1321 , -0.0213074435511874
3.23 , 176.3355 , -0.0945092408179133
3.235 , 136.197 , -0.165383906917508
3.24 , 92.7051 , -0.232186272351081
3.245 , 46.9302 , -0.293271441177307
3.25 , 0 , -0.347135293809636
3.255 , -46.9302 , -0.392451523432388
3.26 , -92.7051 , -0.428104294076299
3.265 , -136.197 , -0.453215716203359
3.27 , -176.3355 , -0.467167463260765
3.275 , -212.1321 , -0.469615996932771
3.28 , -242.7051 , -0.460501026194155
3.285 , -267.3021 , -0.440046991875353
3.29 , -285.3171 , -0.408757540184347
3.295 , -296.3064 , -0.367403121265503
3.3 , -300 , -0.317002018160052
3.305 , -296.3064 , -0.258795273298109
3.31 , -285.3171 , -0.194216129915307
3.315 , -267.3021 , -0.124854740847611
3.32 , -242.7051 , -0.052419013691118
3.325 , -212.1321 , 0.021307443551189
3.33 , -176.3355 , 0.0945092408179148
3.335 , -136.197 , 0.16538390691751
3.34 , -92.7051 , 0.232186272351077
3.345 , -46.9302 , 0.293271441177308
3.35 , 0 , 0.347135293809638
3.355 , 46.9302 , 0.392451523432389
3.36 , 92.7051 , 0.4281042940763
3.365 , 136.197 , 0.45321571620336
3.37 , 176.3355 , 0.467167463260765
3.375 , 212.1321 , 0.469615996932771
3.38 , 242.7051 , 0.460501026194154
3.385 , 267.3021 , 0.440046991875355
3.39 , 285.3171 , 0.408757540184346
3.395 , 296.3064 , 0.367403121265502
3.4 , 300 , 0.317002018160051
3.405 , 296.3064 , 0.258795273298113
3.41 , 285.3171 , 0.194216129915306
3.415 , 267.3021 , 0.124854740847609
3.42 , 242.7051 , 0.0524190136911164
3.425 , 212.1321 , -0.021307443551184
3.43 , 176.3355 , -0.0945092408179099
3.435 , 136.197 , -0.165383906917511
3.44 , 92.7051 , -0.232186272351078
3.445 , 46.9302 , -0.293271441177304
3.45 , 0 , -0.347135293809639
3.455 , -46.9302 , -0.392451523432387
3.46 , -92.7051 , -0.4281042940763
3.465 , -136.197 , -0.453215716203358
3.47 , -176.3355 , -0.467167463260765
3.475 , -212.1321 , -0.469615996932771
3.48 , -242.7051 , -0.460501026194155
3.485 , -267.3021 , -0.440046991875354
3.49 , -285.3171 , -0.408757540184345
3.495 , -296.3064 , -0.367403121265501
3.5 , -300 , -0.317002018160049
3.505 , -296.3064 , -0.258795273298117
3.51 , -285.3171 , -0.194216129915311
3.515 , -267.3021 , -0.124854740847608
3.52 , -242.7051 , -0.0524190136911148
3.525 , -212.1321 , 0.0213074435511856
3.53 , -176.3355 , 0.0945092408179049
3.535 , -136.197 , 0.165383906917513
3.54 , -92.7051 , 0.23218627235108
3.545 , -46.9302 , 0.293271441177305
3.55 , 0 , 0.347135293809635
3.555 , 46.9302 , 0.392451523432387
3.56 , 92.7051 , 0.428104294076301
3.565 , 136.197 , 0.453215716203359
3.57 , 176.3355 , 0.467167463260764
3.575 , 212.1321 , 0.469615996932771
3.58 , 242.7051 , 0.460501026194155
3.585 , 267.3021 , 0.440046991875354
3.59 , 285.3171 , 0.408757540184348
3.595 , 296.3064 , 0.3674031212655
3.6 , 300 , 0.317002018160048
3.605 , 296.3064 , 0.258795273298116
3.61 , 285.3171 , 0.194216129915309
3.615 , 267.3021 , 0.124854740847606
3.62 , 242.7051 , 0.0524190136911132
3.625 , 212.1321 , -0.0213074435511872
3.63 , 176.3355 , -0.0945092408179065
3.635 , 136.197 , -0.165383906917508
3.64 , 92.7051 , -0.232186272351081
3.645 , 46.9302 , -0.293271441177307
3.65 , 0 , -0.347135293809636
3.655 , -46.9302 , -0.392451523432385
3.66 , -92.7051 , -0.428104294076302
3.665 , -136.197 , -0.453215716203359
3.67 , -176.3355 , -0.467167463260765
3.675 , -212.1321 , -0.469615996932771
3.68 , -242.7051 , -0.460501026194155
3.685 , -267.3021 , -0.440046991875353
3.69 , -285.3171 , -0.408757540184347
3.695 , -296.3064 , -0.367403121265503
3.7 , -300 , -0.317002018160047
3.705 , -296.3064 , -0.258795273298115
3.71 , -285.3171 , -0.194216129915308
3.715 , -267.3021 , -0.124854740847611
3.72 , -242.7051 , -0.0524190136911116
3.725 , -212.1321 , 0.0213074435511888
3.73 , -176.3355 , 0.0945092408179081
3.735 , -136.197 , 0.165383906917509
3.74 , -92.7051 , 0.232186272351083
3.745 , -46.9302 , 0.293271441177308
3.75 , 0 , 0.347135293809637
3.755 , 46.9302 , 0.392451523432386
3.76 , 92.7051 , 0.4281042940763
3.765 , 136.197 , 0.45321571620336
3.77 , 176.3355 , 0.467167463260765
3.775 , 212.1321 , 0.469615996932771
3.78 , 242.7051 , 0.460501026194156
3.785 , 267.3021 , 0.440046991875353
3.79 , 285.3171 , 0.408757540184346
3.795 , 296.3064 , 0.367403121265502
3.8 , 300 , 0.317002018160051
3.805 , 296.3064 , 0.258795273298113
3.81 , 285.3171 , 0.194216129915312
3.815 , 267.3021 , 0.124854740847609
3.82 , 242.7051 , 0.0524190136911166
3.825 , 212.1321 , -0.0213074435511904
3.83 , 176.3355 , -0.0945092408179097
3.835 , 136.197 , -0.165383906917505
3.84 , 92.7051 , -0.232186272351078
3.845 , 46.9302 , -0.293271441177309
3.85 , 0 , -0.347135293809639
3.855 , -46.9302 , -0.392451523432386
3.86 , -92.7051 , -0.428104294076297
3.865 , -136.197 , -0.45321571620336
3.87 , -176.3355 , -0.467167463260765
3.875 , -212.1321 , -0.469615996932771
3.88 , -242.7051 , -0.460501026194155
3.885 , -267.3021 , -0.440046991875357
3.89 , -285.3171 , -0.408757540184345
3.895 , -296.3064 , -0.367403121265501
3.9 , -300 , -0.31700201816005
3.905 , -296.3064 , -0.258795273298118
3.91 , -285.3171 , -0.194216129915311
3.915 , -267.3021 , -0.124854740847608
3.92 , -242.7051 , -0.052419013691115
3.925 , -212.1321 , 0.0213074435511854
3.93 , -176.3355 , 0.0945092408179112
3.935 , -136.197 , 0.165383906917506
3.94 , -92.7051 , 0.23218627235108
3.945 , -46.9302 , 0.293271441177305
3.95 , 0 , 0.34713529380964
3.955 , 46.9302 , 0.392451523432387
3.96 , 92.7051 , 0.428104294076298
3.965 , 136.197 , 0.453215716203359
3.97 , 176.3355 , 0.467167463260765
3.975 , 212.1321 , 0.469615996932771
3.98 , 242.7051 , 0.460501026194155
3.985 , 267.3021 , 0.440046991875356
3.99 , 285.3171 , 0.408757540184344
3.995 , 296.3064 , 0.3674031212655
4 , 300 , 0.317002018160048
4.005 , 296.3064 , 0.258795273298116
4.01 , 285.3171 , 0.194216129915315
4.015 , 267.3021 , 0.124854740847613
4.02 , 242.7051 , 0.05241901369112
4.025 , 212.1321 , -0.0213074435511936
4.03 , 176.3355 , -0.0945092408179128
4.035 , 136.197 , -0.165383906917508
4.04 , 92.7051 , -0.232186272351081
4.045 , 46.9302 , -0.293271441177306
4.05 , 0 , -0.347135293809636
4.055 , -46.9302 , -0.392451523432385
4.06 , -92.7051 , -0.428104294076296
4.065 , -136.197 , -0.453215716203363
4.07 , -176.3355 , -0.467167463260766
4.075 , -212.1321 , -0.469615996932771
4.08 , -242.7051 , -0.460501026194153
4.085 , -267.3021 , -0.440046991875353
4.09 , -285.3171 , -0.408757540184347
4.095 , -296.3064 , -0.367403121265503
4.1 , -300 , -0.317002018160052
4.105 , -296.3064 , -0.258795273298109
4.11 , -285.3171 , -0.194216129915308
4.115 , -267.3021 , -0.124854740847611
4.12 , -242.7051 , -0.0524190136911184
4.125 , -212.1321 , 0.0213074435511819
4.13 , -176.3355 , 0.0945092408179144
4.135 , -136.197 , 0.165383906917509
4.14 , -92.7051 , 0.232186272351077
4.145 , -46.9302 , 0.293271441177302
4.15 , 0 , 0.347135293809642
4.155 , 46.9302 , 0.392451523432389
4.16 , 92.7051 , 0.428104294076299
4.165 , 136.197 , 0.453215716203358
4.17 , 176.3355 , 0.467167463260764
4.175 , 212.1321 , 0.469615996932771
4.18 , 242.7051 , 0.460501026194154
4.185 , 267.3021 , 0.440046991875355
4.19 , 285.3171 , 0.408757540184343
4.195 , 296.3064 , 0.367403121265498
4.2 , 300 , 0.317002018160046
4.205 , 296.3064 , 0.258795273298114
4.21 , 285.3171 , 0.194216129915312
4.215 , 267.3021 , 0.124854740847616
4.22 , 242.7051 , 0.0524190136911235
4.225 , 212.1321 , -0.0213074435511768
4.23 , 176.3355 , -0.0945092408179225
4.235 , 136.197 , -0.165383906917517
4.24 , 92.7051 , -0.232186272351084
4.245 , 46.9302 , -0.293271441177309
4.25 , 0 , -0.347135293809638
4.255 , -46.9302 , -0.392451523432386
4.26 , -92.7051 , -0.428104294076297
4.265 , -136.197 , -0.453215716203356
4.27 , -176.3355 , -0.467167463260763
4.275 , -212.1321 , -0.469615996932771
4.28 , -242.7051 , -0.460501026194153
4.285 , -267.3021 , -0.440046991875352
4.29 , -285.3171 , -0.408757540184345
4.295 , -296.3064 , -0.367403121265501
4.3 , -300 , -0.31700201816005
4.305 , -296.3064 , -0.258795273298118
4.31 , -285.3171 , -0.194216129915317
4.315 , -267.3021 , -0.124854740847608
4.32 , -242.7051 , -0.0524190136911152
4.325 , -212.1321 , 0.0213074435511851
4.33 , -176.3355 , 0.0945092408179175
4.335 , -136.197 , 0.165383906917512
4.34 , -92.7051 , 0.232186272351079
4.345 , -46.9302 , 0.293271441177305
4.35 , 0 , 0.347135293809635
4.355 , 46.9302 , 0.392451523432391
4.36 , 92.7051 , 0.428104294076301
4.365 , 136.197 , 0.453215716203359
4.37 , 176.3355 , 0.467167463260764
4.375 , 212.1321 , 0.469615996932771
4.38 , 242.7051 , 0.460501026194154
4.385 , 267.3021 , 0.440046991875354
4.39 , 285.3171 , 0.408757540184348
4.395 , 296.3064 , 0.367403121265504
4.4 , 300 , 0.317002018160044
4.405 , 296.3064 , 0.258795273298111
4.41 , 285.3171 , 0.194216129915309
4.415 , 267.3021 , 0.124854740847613
4.42 , 242.7051 , 0.0524190136911202
4.425 , 212.1321 , -0.0213074435511801
4.43 , 176.3355 , -0.0945092408178995
4.435 , 136.197 , -0.165383906917507
4.44 , 92.7051 , -0.232186272351087
4.445 , 46.9302 , -0.293271441177312
4.45 , 0 , -0.347135293809641
4.455 , -46.9302 , -0.392451523432388
4.46 , -92.7051 , -0.428104294076299
4.465 , -136.197 , -0.453215716203357
4.47 , -176.3355 , -0.467167463260764
4.475 , -212.1321 , -0.469615996932771
4.48 , -242.7051 , -0.460501026194155
4.485 , -267.3021 , -0.440046991875351
4.49 , -285.3171 , -0.408757540184344
4.495 , -296.3064 , -0.367403121265499
4.5 , -300 , -0.317002018160047
4.505 , -296.3064 , -0.258795273298115
4.51 , -285.3171 , -0.194216129915314
4.515 , -267.3021 , -0.124854740847618
4.52 , -242.7051 , -0.0524190136911253
4.525 , -212.1321 , 0.0213074435511883
4.53 , -176.3355 , 0.0945092408179076
4.535 , -136.197 , 0.165383906917515
4.54 , -92.7051 , 0.232186272351082
4.545 , -46.9302 , 0.293271441177308
4.55 , 0 , 0.347135293809637
4.555 , 46.9302 , 0.392451523432385
4.56 , 92.7051 , 0.428104294076297
4.565 , 136.197 , 0.453215716203359
4.57 , 176.3355 , 0.467167463260765
4.575 , 212.1321 , 0.469615996932771
4.58 , 242.7051 , 0.460501026194156
4.585 , 267.3021 , 0.440046991875353
4.59 , 285.3171 , 0.408757540184346
4.595 , 296.3064 , 0.367403121265502
4.6 , 300 , 0.317002018160051
4.605 , 296.3064 , 0.258795273298108
4.61 , 285.3171 , 0.194216129915307
4.615 , 267.3021 , 0.12485474084761
4.62 , 242.7051 , 0.052419013691117
4.625 , 212.1321 , -0.0213074435511833
4.63 , 176.3355 , -0.0945092408179027
4.635 , 136.197 , -0.16538390691751
4.64 , 92.7051 , -0.232186272351078
4.645 , 46.9302 , -0.293271441177304
4.65 , 0 , -0.347135293809643
4.655 , -46.9302 , -0.39245152343239
4.66 , -92.7051 , -0.4281042940763
4.665 , -136.197 , -0.453215716203358
4.67 , -176.3355 , -0.467167463260764
4.675 , -212.1321 , -0.469615996932771
4.68 , -242.7051 , -0.460501026194157
4.685 , -267.3021 , -0.440046991875354
4.69 , -285.3171 , -0.408757540184342
4.695 , -296.3064 , -0.367403121265497
4.7 , -300 , -0.317002018160045
4.705 , -296.3064 , -0.258795273298112
4.71 , -285.3171 , -0.194216129915311
4.715 , -267.3021 , -0.124854740847615
4.72 , -242.7051 , -0.0524190136911221
4.725 , -212.1321 , 0.0213074435511782
4.73 , -176.3355 , 0.0945092408179108
4.735 , -136.197 , 0.165383906917518
4.74 , -92.7051 , 0.232186272351085
4.745 , -46.9302 , 0.29327144117731
4.75 , 0 , 0.347135293809639
4.755 , 46.9302 , 0.392451523432387
4.76 , 92.7051 , 0.428104294076298
4.765 , 136.197 , 0.453215716203357
4.77 , 176.3355 , 0.467167463260764
4.775 , 212.1321 , 0.469615996932771
4.78 , 242.7051 , 0.460501026194155
4.785 , 267.3021 , 0.440046991875352
4.79 , 285.3171 , 0.408757540184345
4.795 , 296.3064 , 0.3674031212655
4.8 , 300 , 0.317002018160049
4.805 , 296.3064 , 0.258795273298117
4.81 , 285.3171 , 0.194216129915316
4.815 , 267.3021 , 0.124854740847607
4.82 , 242.7051 , 0.0524190136911138
4.825 , 212.1321 , -0.0213074435511865
4.83 , 176.3355 , -0.0945092408179058
4.835 , 136.197 , -0.165383906917501
4.84 , 92.7051 , -0.232186272351081
4.845 , 46.9302 , -0.293271441177306
4.85 , 0 , -0.347135293809636
4.855 , -46.9302 , -0.392451523432392
4.86 , -92.7051 , -0.428104294076301
4.865 , -136.197 , -0.453215716203359
4.87 , -176.3355 , -0.467167463260765
4.875 , -212.1321 , -0.469615996932771
4.88 , -242.7051 , -0.460501026194156
4.885 , -267.3021 , -0.440046991875358
4.89 , -285.3171 , -0.408757540184347
4.895 , -296.3064 , -0.367403121265504
4.9 , -300 , -0.317002018160043
4.905 , -296.3064 , -0.25879527329811
4.91 , -285.3171 , -0.194216129915308
4.915 , -267.3021 , -0.124854740847612
4.92 , -242.7051 , -0.0524190136911189
4.925 , -212.1321 , 0.0213074435511814
4.93 , -176.3355 , 0.0945092408179009
4.935 , -136.197 , 0.165383906917496
4.94 , -92.7051 , 0.232186272351088
4.945 , -46.9302 , 0.293271441177313
4.95 , 0 , 0.347135293809642
4.955 , 46.9302 , 0.392451523432389
4.96 , 92.7051 , 0.428104294076299
4.965 , 136.197 , 0.453215716203358
4.97 , 176.3355 , 0.467167463260764
4.975 , 212.1321 , 0.469615996932771
4.98 , 242.7051 , 0.460501026194154
4.985 , 267.3021 , 0.440046991875355
4.99 , 285.3171 , 0.408757540184343
4.995 , 296.3064 , 0.367403121265498
5 , 300 , 0.317002018160046
